prompt,response
What undergraduate programs does FAST-NUCES offer?,"FAST-NUCES offers a diverse range of undergraduate programs, including Computer Science, Electrical Engineering, Business Administration, Civil Engineering, and more. Check the official website for the complete list."
Tell me about the admission requirements for the Computer Science program.,"For the Computer Science program at FAST-NUCES, admission requirements include the FAST Entry Test (FET), academic qualifications, and an interview. Specific details can be found on the official admission portal."
How can students apply for scholarships at FAST-NUCES?,"Students can apply for scholarships at FAST-NUCES by meeting the merit criteria. The university offers both merit-based and need-based scholarships. Visit the financial aid section on the official website for application details."
Are there any specific internship programs for Computer Science students?,"Yes, FAST-NUCES facilitates internships for Computer Science students through collaborations with industry partners. The university's career services office assists students in securing relevant internships."
Tell me about the research facilities available for Electrical Engineering students.,"Electrical Engineering students at FAST-NUCES have access to state-of-the-art research facilities, including well-equipped labs, research centers, and opportunities to collaborate on cutting-edge projects."
How does FAST-NUCES promote diversity and inclusion on campus?,"FAST-NUCES promotes diversity and inclusion through cultural events, awareness campaigns, and inclusive policies. The university values a diverse student body and provides a supportive environment for all."
What extracurricular activities are available for Business Administration students?,"Business Administration students can engage in a variety of extracurricular activities, including business clubs, case competitions, and networking events. These activities enhance practical skills and industry connections."
Tell me about the international exchange programs at FAST-NUCES.,"FAST-NUCES offers international exchange programs, allowing students to study abroad and gain global exposure. The international relations office provides information on available exchange opportunities."
How are industry professionals involved in the curriculum development?,"Industry professionals actively contribute to curriculum development at FAST-NUCES through advisory boards and collaborative projects. Their insights ensure the curriculum aligns with industry needs and trends."
Describe the startup ecosystem at FAST-NUCES.,"FAST-NUCES has a thriving startup ecosystem supported by dedicated entrepreneurship centers. Students with entrepreneurial aspirations can access mentorship, funding, and resources to launch their startups."
What initiatives are in place for community service and social responsibility?,"FAST-NUCES is committed to community service and social responsibility. Students participate in community outreach programs, volunteer initiatives, and projects addressing societal needs."
Tell me about the admission process timeline for prospective students.,"The admission process at FAST-NUCES typically follows a timeline that includes test dates, application deadlines, and interview schedules. Prospective students should refer to the official admission calendar for accurate information."
How does FAST-NUCES ensure practical exposure in engineering programs?,"Engineering programs at FAST-NUCES prioritize practical exposure through hands-on labs, industry projects, and internships. The curriculum is designed to bridge the gap between theory and real-world applications."
What support does FAST-NUCES provide for students with entrepreneurial ideas?,"FAST-NUCES supports students with entrepreneurial ideas through startup incubation, mentorship programs, and access to funding opportunities. The university encourages innovation and creativity."
Tell me about the global alumni network of FAST-NUCES.,"FAST-NUCES has a global alumni network comprising successful professionals across various industries. Alumni contribute to the university's growth and provide valuable insights to current students."
Is there a mentorship program for incoming students?,"Yes, FAST-NUCES has a mentorship program to support incoming students. New students are paired with experienced mentors who provide guidance, advice, and assistance with the academic transition."
How does FAST-NUCES integrate technology into the learning environment?,"FAST-NUCES integrates technology into the learning environment through smart classrooms, online resources, and interactive tools. The university embraces digital innovation to enhance the educational experience."
What measures are in place for campus safety and security?,"FAST-NUCES prioritizes campus safety and security with trained personnel, surveillance systems, and emergency response protocols. The safety of students and staff is a top priority."
Tell me about the collaborative projects between students and industry partners.,"FAST-NUCES facilitates collaborative projects between students and industry partners to address real-world challenges. These projects provide students with valuable hands-on experience and industry insights."
How does FAST-NUCES contribute to sustainable practices?,"FAST-NUCES contributes to sustainable practices through eco-friendly initiatives, waste reduction programs, and awareness campaigns. The university is committed to environmental conservation."
Describe the role of innovation in the curriculum for computer science students.,"Innovation is a key component of the computer science curriculum at FAST-NUCES. Students engage in innovative projects, coding challenges, and hackathons to foster creativity and problem-solving skills."
What career services are available for graduating students?,"FAST-NUCES provides comprehensive career services for graduating students, including resume building, interview preparation, and job placement assistance. The university has strong connections with leading employers."

